{
  "project_info": {
    "project_number": "791951111687",
    "firebase_url": "https://covid-19-self-screening-tool.firebaseio.com",
    "project_id": "covid-19-self-screening-tool",
    "storage_bucket": "covid-19-self-screening-tool.appspot.com"
  },
  "client": [
    {
      "client_info": {
        "mobilesdk_app_id": "1:791951111687:android:69a2f448f9353d5831dca2",
        "android_client_info": {
          "package_name": "com.example.convid_19selfscreeningtool"
        }
      },
      "oauth_client": [
        {
          "client_id": "791951111687-80jhf1bm20ndj73mk2u8i7aga1to8jn2.apps.googleusercontent.com",
          "client_type": 1,
          "android_info": {
            "package_name": "com.example.convid_19selfscreeningtool",
            "certificate_hash": "24a45d19830d4617a8d2f6d9c07d8ef26cce2d63"
          }
        },
        {
          "client_id": "791951111687-ijfdmr2m9o4546mpub2hq6gpe9gauq7n.apps.googleusercontent.com",
          "client_type": 3
        }
      ],
      "api_key": [
        {
          "current_key": "AIzaSyBsICt6ZOLOct5ULWQUeRf14Dt24icRbUE"
        }
      ],
      "services": {
        "appinvite_service": {
          "other_platform_oauth_client": [
            {
              "client_id": "791951111687-ijfdmr2m9o4546mpub2hq6gpe9gauq7n.apps.googleusercontent.com",
              "client_type": 3
            }
          ]
        }
      }
    }
  ],
  "configuration_version": "1"
}